Name,Code,Code description,Easting,Northing,Elevation,Description,Longitude,Latitude,Ellipsoidal height,Origin,Tilt angle,Easting RMS,Northing RMS,Elevation RMS,Lateral RMS,Antenna height,Antenna height units,Solution status,Correction type,Averaging start,Averaging end,Samples,PDOP,GDOP,Base easting,Base northing,Base elevation,Base longitude,Base latitude,Base ellipsoidal height,Baseline,Mount point,CS name,GPS Satellites,GLONASS Satellites,Galileo Satellites,BeiDou Satellites,QZSS Satellites,Device type,Device serial number,Author
B4_C_PSEMEN_T2_seedling,P,Point,,,,,-113.94459410,46.75341319,1177.930,Global,1.1,0.013,0.012,0.012,0.018,2.134,m,FIX,RTK,2025-09-18 08:45:55.6 UTC-07:00,2025-09-18 08:45:59.6 UTC-07:00,21,1.3,1.6,,,,-114.01634699,46.67371430,1095.541,10423.072,MP15774,Global CS,8,7,6,4,0,Reach RS3,82438e9b89ed77dd,
B4_C_PICENG_adult1,P,Point,,,,test,-113.94455376,46.75337679,1178.242,Global,4.2,0.016,0.014,0.027,0.021,2.134,m,FIX,RTK,2025-09-18 08:52:28.0 UTC-07:00,2025-09-18 08:52:32.0 UTC-07:00,21,1.9,2.4,,,,-114.01634699,46.67371430,1095.541,10421.373,MP15774,Global CS,8,6,6,4,0,Reach RS3,82438e9b89ed77dd,
B4_C_PINCON_R1,P,Point,,,,,-113.94452759,46.75355244,1177.775,Global,12.0,0.016,0.015,0.019,0.022,2.134,m,FIX,RTK,2025-09-18 08:57:46.6 UTC-07:00,2025-09-18 08:57:50.6 UTC-07:00,21,1.6,1.9,,,,-114.01634699,46.67371430,1095.541,10438.996,MP15774,Global CS,7,7,6,4,0,Reach RS3,82438e9b89ed77dd,
B4_C_PSEMEN_adult3,P,Point,,,,,-113.94451237,46.75354834,1177.900,Global,4.9,0.014,0.013,0.016,0.020,2.134,m,FIX,RTK,2025-09-18 08:58:54.2 UTC-07:00,2025-09-18 08:58:58.2 UTC-07:00,21,1.7,2.1,,,,-114.01634699,46.67371430,1095.541,10439.107,MP15774,Global CS,7,6,6,3,0,Reach RS3,82438e9b89ed77dd,
B4_C_PINCON_R2,P,Point,,,,,-113.94451670,46.75358699,1177.620,Global,1.3,0.013,0.013,0.021,0.018,2.134,m,FIX,RTK,2025-09-18 09:04:59.8 UTC-07:00,2025-09-18 09:05:03.8 UTC-07:00,21,1.6,2.0,,,,-114.01634699,46.67371430,1095.541,10442.639,MP15774,Global CS,7,5,6,4,0,Reach RS3,82438e9b89ed77dd,
B4_C_PSEMEN_adult4,P,Point,,,,,-113.94450626,46.75359648,1177.728,Global,8.3,0.014,0.015,0.020,0.020,2.134,m,FIX,RTK,2025-09-18 09:06:09.4 UTC-07:00,2025-09-18 09:06:13.4 UTC-07:00,20,1.5,1.8,,,,-114.01634699,46.67371430,1095.541,10443.992,MP15774,Global CS,7,6,6,4,0,Reach RS3,82438e9b89ed77dd,
B4_C_PSEMEN_adult5,P,Point,,,,,-113.94449897,46.75360920,1177.740,Global,18.4,0.016,0.016,0.024,0.023,2.134,m,FIX,RTK,2025-09-18 09:06:25.2 UTC-07:00,2025-09-18 09:06:29.2 UTC-07:00,21,1.9,2.3,,,,-114.01634699,46.67371430,1095.541,10444.936,MP15774,Global CS,7,6,6,4,0,Reach RS3,82438e9b89ed77dd,
B4_G_PSEMEN_adult1,P,Point,,,,,-113.94447781,46.75368037,1177.593,Global,2.9,0.013,0.013,0.018,0.018,2.134,m,FIX,RTK,2025-09-18 09:08:06.8 UTC-07:00,2025-09-18 09:08:10.8 UTC-07:00,21,1.6,1.9,,,,-114.01634699,46.67371430,1095.541,10453.121,MP15774,Global CS,7,6,6,4,0,Reach RS3,82438e9b89ed77dd,
B4_G_PSEMEN_adult2,P,Point,,,,,-113.94446435,46.75367586,1177.564,Global,7.6,0.014,0.015,0.021,0.021,2.134,m,FIX,RTK,2025-09-18 09:08:25.4 UTC-07:00,2025-09-18 09:08:29.4 UTC-07:00,21,1.4,1.7,,,,-114.01634699,46.67371430,1095.541,10453.410,MP15774,Global CS,7,6,6,4,0,Reach RS3,82438e9b89ed77dd,
B4_C_PSEMEN_S2_seedling,P,Point,,,,,-113.94458630,46.75342930,1178.081,Global,,0.012,0.011,0.020,0.016,2.134,m,FIX,RTK,2025-09-24 09:08:43.6 UTC-07:00,2025-09-24 09:08:47.6 UTC-07:00,21,1.6,1.9,,,,-114.01634699,46.67371430,1095.541,10424.937,MP15774,Global CS,9,6,4,5,0,Reach RS3,8243531e90cdfec1,
B4_C_PSEMEN_S1_seedling,P,Point,,,,,-113.94456257,46.75349003,1177.014,Global,,0.011,0.013,0.011,0.017,2.134,m,FIX,RTK,2025-09-24 09:15:23.6 UTC-07:00,2025-09-24 09:15:27.6 UTC-07:00,21,1.4,1.6,,,,-114.01634699,46.67371430,1095.541,10431.595,MP15774,Global CS,8,7,4,4,0,Reach RS3,8243531e90cdfec1,
B4_C_PSEMEN_T1_seedling,P,Point,,,,,-113.94456071,46.75350329,1176.995,Global,,0.011,0.010,0.010,0.015,2.134,m,FIX,RTK,2025-09-24 09:16:10.4 UTC-07:00,2025-09-24 09:16:14.4 UTC-07:00,21,1.4,1.6,,,,-114.01634699,46.67371430,1095.541,10432.945,MP15774,Global CS,9,7,5,4,0,Reach RS3,8243531e90cdfec1,
B4_C_PSEMEN_adult2,P,Point,,,,,-113.94457085,46.75350525,1178.049,Global,,0.019,0.015,0.011,0.024,2.134,m,FIX,RTK,2025-09-24 09:29:13.4 UTC-07:00,2025-09-24 09:29:17.4 UTC-07:00,21,1.3,1.5,,,,-114.01634699,46.67371430,1095.541,10432.727,MP15774,Global CS,7,8,5,5,0,Reach RS3,8243531e90cdfec1,
B4_C_PICENG_adult2,P,Point,,,,,-113.94450761,46.75342363,1178.074,Global,,0.019,0.013,0.011,0.023,2.134,m,FIX,RTK,2025-09-24 09:32:22.6 UTC-07:00,2025-09-24 09:32:26.6 UTC-07:00,21,1.5,1.7,,,,-114.01634699,46.67371430,1095.541,10427.573,MP15774,Global CS,7,7,5,5,0,Reach RS3,8243531e90cdfec1,
B4_C_PSEMEN_adult1,P,Point,,,,not exactly on tree 2m away,-113.94457239,46.75336176,1178.335,Global,1.7,0.012,0.012,0.017,0.018,2.134,m,FIX,RTK,2025-09-24 09:56:17.8 UTC-07:00,2025-09-24 09:56:21.8 UTC-07:00,21,1.4,1.7,,,,-114.01634699,46.67371430,1095.541,10419.068,MP15774,Global CS,5,7,5,4,0,Reach RS3,8243531E90CDFEC1,
B4_G_PSEMEN_S1_seedling,P,Point,,,,not exactly on tree 2m away,-113.94446999,46.75376562,1177.536,Global,2.4,0.013,0.012,0.022,0.018,2.134,m,FIX,RTK,2025-09-24 10:40:59.6 UTC-07:00,2025-09-24 10:41:03.6 UTC-07:00,21,1.8,2.1,,,,-114.01634699,46.67371430,1095.541,10461.432,MP15774,Global CS,6,7,5,5,0,Reach RS3,8243531e90cdfec1,
B4_G_PICENG_T1_seedling,P,Point,,,,,-113.94446892,46.75377008,1177.543,Global,0.5,0.012,0.013,0.031,0.018,2.134,m,FIX,RTK,2025-09-24 10:41:41.8 UTC-07:00,2025-09-24 10:41:45.8 UTC-07:00,21,2.0,2.5,,,,-114.01634699,46.67371430,1095.541,10461.858,MP15774,Global CS,6,7,5,5,0,Reach RS3,8243531e90cdfec1,
B4_G_PICENG_S1_seedling,P,Point,,,,,-113.94446142,46.75377837,1177.497,Global,1.3,0.012,0.012,0.014,0.017,2.134,m,FIX,RTK,2025-09-24 10:42:06.2 UTC-07:00,2025-09-24 10:42:10.2 UTC-07:00,21,1.7,2.0,,,,-114.01634699,46.67371430,1095.541,10462.958,MP15774,Global CS,6,7,5,5,0,Reach RS3,8243531e90cdfec1,
B4_G_PSEMEN_T1_seedling,P,Point,,,,,-113.94446213,46.75377332,1177.554,Global,1.9,0.012,0.012,0.022,0.017,2.134,m,FIX,RTK,2025-09-24 10:42:34.8 UTC-07:00,2025-09-24 10:42:38.8 UTC-07:00,21,1.5,1.8,,,,-114.01634699,46.67371430,1095.541,10462.478,MP15774,Global CS,6,7,5,5,0,Reach RS3,8243531e90cdfec1,
B4_G_PICENG_T2_seedling,P,Point,,,,,-113.94445077,46.75379675,1177.518,Global,2.4,0.013,0.013,0.020,0.019,2.134,m,FIX,RTK,2025-09-24 10:43:12.8 UTC-07:00,2025-09-24 10:43:16.8 UTC-07:00,21,1.9,2.2,,,,-114.01634699,46.67371430,1095.541,10465.064,MP15774,Global CS,6,7,5,5,0,Reach RS3,8243531e90cdfec1,
B4_G_PICENG_S2_seedling,P,Point,,,,,-113.94442658,46.75380077,1177.516,Global,2.3,0.012,0.015,0.030,0.019,2.134,m,FIX,RTK,2025-09-24 10:44:00.6 UTC-07:00,2025-09-24 10:44:04.6 UTC-07:00,21,1.9,2.3,,,,-114.01634699,46.67371430,1095.541,10466.508,MP15774,Global CS,6,7,5,5,0,Reach RS3,8243531e90cdfec1,
B4_G_PSEMEN_S2_seedling,P,Point,,,,,-113.94439399,46.75376394,1177.411,Global,0.8,0.012,0.013,0.029,0.018,2.134,m,FIX,RTK,2025-09-24 10:44:45.6 UTC-07:00,2025-09-24 10:44:49.6 UTC-07:00,21,1.6,1.9,,,,-114.01634699,46.67371430,1095.541,10464.268,MP15774,Global CS,6,7,5,5,0,Reach RS3,8243531e90cdfec1,
B4_G_PSEMEN_T2_seedling,P,Point,,,,,-113.94439895,46.75375930,1177.435,Global,2.1,0.012,0.013,0.028,0.018,2.134,m,FIX,RTK,2025-09-24 10:45:07.6 UTC-07:00,2025-09-24 10:45:11.6 UTC-07:00,21,1.5,1.7,,,,-114.01634699,46.67371430,1095.541,10463.647,MP15774,Global CS,6,7,5,5,0,Reach RS3,8243531e90cdfec1,
B4_G_PINPON_R1seedlings,P,Point,,,,,-113.94443905,46.75375322,1177.425,Global,3.3,0.012,0.013,0.024,0.018,2.134,m,FIX,RTK,2025-09-24 10:46:03.8 UTC-07:00,2025-09-24 10:46:07.8 UTC-07:00,21,1.7,2.0,,,,-114.01634699,46.67371430,1095.541,10461.377,MP15774,Global CS,6,7,5,5,0,Reach RS3,8243531e90cdfec1,
B4_G_PINPON_R2seedlings1,P,Point,,,,,-113.94441576,46.75372756,1177.464,Global,0.5,0.012,0.012,0.024,0.017,2.134,m,FIX,RTK,2025-09-24 10:46:22.4 UTC-07:00,2025-09-24 10:46:26.4 UTC-07:00,21,1.7,2.1,,,,-114.01634699,46.67371430,1095.541,10459.973,MP15774,Global CS,6,7,5,5,0,Reach RS3,8243531e90cdfec1,
B4_G_PICENG_adult1,P,Point,,,,,-113.94439844,46.75373322,1177.463,Global,1.8,0.012,0.013,0.023,0.018,2.134,m,FIX,RTK,2025-09-24 10:47:00.4 UTC-07:00,2025-09-24 10:47:04.4 UTC-07:00,21,1.6,1.9,,,,-114.01634699,46.67371430,1095.541,10461.206,MP15774,Global CS,6,7,5,5,0,Reach RS3,8243531e90cdfec1,
B4_G_PSEMEN_adult3,P,Point,,,,,-113.94442885,46.75376576,1177.540,Global,3.0,0.013,0.013,0.020,0.018,2.134,m,FIX,RTK,2025-09-24 10:47:27.0 UTC-07:00,2025-09-24 10:47:31.0 UTC-07:00,21,2.1,2.5,,,,-114.01634699,46.67371430,1095.541,10462.969,MP15774,Global CS,6,7,5,5,0,Reach RS3,8243531e90cdfec1,
B4_G_PSEMEN_adult4,P,Point,,,,,-113.94443939,46.75377907,1177.417,Global,0.8,0.012,0.012,0.021,0.018,2.134,m,FIX,RTK,2025-09-24 10:47:41.4 UTC-07:00,2025-09-24 10:47:45.4 UTC-07:00,21,2.9,3.6,,,,-114.01634699,46.67371430,1095.541,10463.879,MP15774,Global CS,6,7,5,5,0,Reach RS3,8243531e90cdfec1,
B4_G_PSEMEN_S3_seedling,P,Point,,,,,-113.94432778,46.75386530,1177.177,Global,4.8,0.014,0.013,0.015,0.019,2.134,m,FIX,RTK,2025-09-29 07:13:17.6 UTC-07:00,2025-09-29 07:13:21.6 UTC-07:00,21,1.4,1.6,,,,-114.01634699,46.67371430,1095.541,10476.588,MP15774,Global CS,7,6,8,4,0,Reach RS3,8243531e90cdfec1,
B4_G_PICENG_T3_seedling,P,Point,,,,,-113.94434512,46.75385837,1177.143,Global,1.5,0.013,0.013,0.014,0.018,2.134,m,FIX,RTK,2025-09-29 07:14:12.0 UTC-07:00,2025-09-29 07:14:16.0 UTC-07:00,21,1.4,1.7,,,,-114.01634699,46.67371430,1095.541,10475.218,MP15774,Global CS,8,6,8,4,0,Reach RS3,8243531e90cdfec1,
B4_G_PSEMEN_T3_seedling,P,Point,,,,,-113.94434248,46.75385664,1177.187,Global,2.3,0.013,0.013,0.018,0.018,2.134,m,FIX,RTK,2025-09-29 07:15:41.4 UTC-07:00,2025-09-29 07:15:45.4 UTC-07:00,21,1.5,1.8,,,,-114.01634699,46.67371430,1095.541,10475.198,MP15774,Global CS,7,6,8,4,0,Reach RS3,8243531e90cdfec1,
B4_G_PICENG_S3_seedling,P,Point,,,,,-113.94432882,46.75386418,1177.187,Global,3.2,0.013,0.013,0.025,0.018,2.134,m,FIX,RTK,2025-09-29 07:17:13.4 UTC-07:00,2025-09-29 07:17:17.4 UTC-07:00,21,1.4,1.6,,,,-114.01634699,46.67371430,1095.541,10476.291,MP15774,Global CS,7,6,8,4,0,Reach RS3,8243531e90cdfec1,
B4_G_PSEMEN_adult5,P,Point,,,,,-113.94429485,46.75385368,1177.242,Global,2.3,0.013,0.013,0.015,0.018,2.134,m,FIX,RTK,2025-09-29 07:18:25.8 UTC-07:00,2025-09-29 07:18:29.8 UTC-07:00,21,1.4,1.7,,,,-114.01634699,46.67371430,1095.541,10476.775,MP15774,Global CS,8,6,8,4,0,Reach RS3,8243531e90cdfec1,
B4_G_PSEMEN_adult6,P,Point,,,,,-113.94426986,46.75388915,1177.265,Global,16.5,0.017,0.024,0.029,0.029,2.134,m,FIX,RTK,2025-09-29 07:19:42.0 UTC-07:00,2025-09-29 07:19:46.0 UTC-07:00,21,1.5,1.8,,,,-114.01634699,46.67371430,1095.541,10481.043,MP15774,Global CS,8,6,8,4,0,Reach RS3,8243531e90cdfec1,
B4_G_PSEMEN_adult7,P,Point,,,,,-113.94425515,46.75387602,1176.887,Global,4.1,0.014,0.014,0.018,0.020,2.134,m,FIX,RTK,2025-09-29 07:19:58.6 UTC-07:00,2025-09-29 07:20:02.6 UTC-07:00,21,1.4,1.7,,,,-114.01634699,46.67371430,1095.541,10480.422,MP15774,Global CS,8,6,8,4,0,Reach RS3,8243531e90cdfec1,
B4_G_PSEMEN_adult8,P,Point,,,,,-113.94428346,46.75392157,1176.915,Global,3.1,0.013,0.013,0.016,0.019,2.134,m,FIX,RTK,2025-09-29 07:21:19.8 UTC-07:00,2025-09-29 07:21:23.8 UTC-07:00,21,1.5,1.7,,,,-114.01634699,46.67371430,1095.541,10483.573,MP15774,Global CS,7,6,8,4,0,Reach RS3,8243531e90cdfec1,
B4_G_PSEMEN_adult9,P,Point,,,,,-113.94423309,46.75390725,1176.968,Global,3.1,0.013,0.017,0.020,0.022,2.134,m,FIX,RTK,2025-09-29 07:21:39.4 UTC-07:00,2025-09-29 07:21:43.4 UTC-07:00,21,1.3,1.6,,,,-114.01634699,46.67371430,1095.541,10484.203,MP15774,Global CS,8,6,8,4,0,Reach RS3,8243531e90cdfec1,
B4_G_PSEMEN_adult10,P,Point,,,,close to B3,-113.94423342,46.75396264,1176.812,Global,2.4,0.013,0.013,0.019,0.018,2.134,m,FIX,RTK,2025-09-29 07:22:09.2 UTC-07:00,2025-09-29 07:22:13.2 UTC-07:00,21,1.3,1.5,,,,-114.01634699,46.67371430,1095.541,10489.466,MP15774,Global CS,7,6,8,4,0,Reach RS3,8243531e90cdfec1,
B3_G_PSEMEN_adult,P,Point,,,,,-113.94421648,46.75404063,1176.698,Global,4.3,0.017,0.013,0.025,0.022,2.134,m,FIX,RTK,2025-09-29 07:23:16.6 UTC-07:00,2025-09-29 07:23:20.6 UTC-07:00,21,1.4,1.6,,,,-114.01634699,46.67371430,1095.541,10497.457,MP15774,Global CS,7,6,8,4,0,Reach RS3,8243531e90cdfec1,
B3_G_PSEMEN_adult1,P,Point,,,,,-113.94422825,46.75405895,1176.897,Global,4.6,0.013,0.017,0.016,0.021,2.134,m,FIX,RTK,2025-09-29 07:23:33.2 UTC-07:00,2025-09-29 07:23:37.2 UTC-07:00,21,1.5,1.8,,,,-114.01634699,46.67371430,1095.541,10498.818,MP15774,Global CS,8,6,8,4,0,Reach RS3,8243531e90cdfec1,
B3_G_PICENG_adult,P,Point,,,,,-113.94422144,46.75406832,1176.931,Global,6.8,0.014,0.014,0.016,0.020,2.134,m,FIX,RTK,2025-09-29 07:24:09.0 UTC-07:00,2025-09-29 07:24:13.0 UTC-07:00,21,1.4,1.7,,,,-114.01634699,46.67371430,1095.541,10500.120,MP15774,Global CS,7,6,8,4,0,Reach RS3,8243531e90cdfec1,
B3_G_PINPON_R1_seedlings,P,Point,,,,,-113.94420794,46.75408102,1176.695,Global,2.2,0.013,0.013,0.013,0.018,2.134,m,FIX,RTK,2025-09-29 07:25:52.4 UTC-07:00,2025-09-29 07:25:56.4 UTC-07:00,21,1.4,1.7,,,,-114.01634699,46.67371430,1095.541,10501.750,MP15774,Global CS,7,6,8,4,0,Reach RS3,8243531e90cdfec1,
B3_G_PINPON_R2_seedlings1,P,Point,,,,,-113.94423550,46.75404886,1176.818,Global,2.3,0.013,0.013,0.014,0.018,2.134,m,FIX,RTK,2025-09-29 07:26:16.2 UTC-07:00,2025-09-29 07:26:20.2 UTC-07:00,21,1.7,2.0,,,,-114.01634699,46.67371430,1095.541,10497.586,MP15774,Global CS,8,6,8,4,0,Reach RS3,8243531e90cdfec1,
B3_G_PSEMEN_S1_seedling,P,Point,,,,,-113.94423057,46.75404468,1176.921,Global,7.6,0.022,0.018,0.041,0.028,2.134,m,FIX,RTK,2025-09-29 07:27:06.2 UTC-07:00,2025-09-29 07:27:10.2 UTC-07:00,21,1.5,1.8,,,,-114.01634699,46.67371430,1095.541,10497.496,MP15774,Global CS,7,6,8,4,0,Reach RS3,8243531e90cdfec1,
B3_G_PSEMEN_T1_seedling,P,Point,,,,,-113.94425067,46.75406573,1176.852,Global,62.5,0.023,0.023,0.036,0.033,2.134,m,FIX,RTK,2025-09-29 07:31:24.2 UTC-07:00,2025-09-29 07:31:28.2 UTC-07:00,21,1.6,1.9,,,,-114.01634699,46.67371430,1095.541,10499.982,MP15774,Global CS,8,6,8,4,0,Reach RS3,8243531e90cdfec1,
B3_C_PSEMEN_adult,P,Point,,,,,-113.94415433,46.75420368,1176.721,Global,10.9,0.015,0.015,0.024,0.021,2.134,m,FIX,RTK,2025-09-29 07:33:11.0 UTC-07:00,2025-09-29 07:33:15.0 UTC-07:00,21,1.6,2.0,,,,-114.01634699,46.67371430,1095.541,10515.693,MP15774,Global CS,8,6,8,4,0,Reach RS3,8243531e90cdfec1,
B3_C_PSEMEN_adult1,P,Point,,,,,-113.94415405,46.75423369,1176.826,Global,10.5,0.015,0.015,0.027,0.021,2.134,m,FIX,RTK,2025-09-29 07:33:33.4 UTC-07:00,2025-09-29 07:33:37.4 UTC-07:00,21,1.4,1.7,,,,-114.01634699,46.67371430,1095.541,10518.019,MP15774,Global CS,8,6,8,4,0,Reach RS3,8243531e90cdfec1,
B3_C_PSEMEN_adult2,P,Point,,,,,-113.94416778,46.75426221,1176.771,Global,11.4,0.016,0.016,0.040,0.023,2.134,m,FIX,RTK,2025-09-29 07:33:47.6 UTC-07:00,2025-09-29 07:33:51.6 UTC-07:00,21,1.4,1.7,,,,-114.01634699,46.67371430,1095.541,10520.090,MP15774,Global CS,8,6,8,4,0,Reach RS3,8243531e90cdfec1,
B3_C_PSEMEN_adult3,P,Point,,,,,-113.94412041,46.75428488,1177.114,Global,62.6,0.023,0.023,0.040,0.033,2.134,m,FIX,RTK,2025-09-29 07:34:13.0 UTC-07:00,2025-09-29 07:34:17.0 UTC-07:00,21,2.2,2.7,,,,-114.01634699,46.67371430,1095.541,10523.410,MP15774,Global CS,6,6,8,4,0,Reach RS3,8243531e90cdfec1,
B3_C_PSEMEN_adult4,P,Point,,,,,-113.94410263,46.75430577,1176.810,Global,11.0,0.014,0.014,0.018,0.020,2.134,m,FIX,RTK,2025-09-29 07:37:47.4 UTC-07:00,2025-09-29 07:37:51.4 UTC-07:00,21,1.6,1.9,,,,-114.01634699,46.67371430,1095.541,10527.514,MP15774,Global CS,7,6,8,4,0,Reach RS3,8243531e90cdfec1,
B3_C_PSEMEN_adult5,P,Point,,,,,-113.94410464,46.75423772,1176.780,Global,5.9,0.015,0.014,0.026,0.021,2.134,m,FIX,RTK,2025-09-29 07:38:15.4 UTC-07:00,2025-09-29 07:38:19.4 UTC-07:00,21,1.5,1.9,,,,-114.01634699,46.67371430,1095.541,10520.828,MP15774,Global CS,8,6,8,4,0,Reach RS3,8243531e90cdfec1,
B3_C_PICENG_adult,P,Point,,,,,-113.94407717,46.75433914,1176.635,Global,4.0,0.015,0.014,0.023,0.021,2.134,m,FIX,RTK,2025-09-29 07:39:47.0 UTC-07:00,2025-09-29 07:39:51.0 UTC-07:00,21,1.4,1.7,,,,-114.01634699,46.67371430,1095.541,10531.509,MP15774,Global CS,7,6,7,4,0,Reach RS3,8243531e90cdfec1,
B3_C_PICENG_adult1,P,Point,,,,,-113.94404502,46.75437937,1176.285,Global,3.8,0.022,0.015,0.022,0.027,2.134,m,FIX,RTK,2025-09-29 07:40:06.0 UTC-07:00,2025-09-29 07:40:10.0 UTC-07:00,21,1.5,1.9,,,,-114.01634699,46.67371430,1095.541,10536.432,MP15774,Global CS,8,6,8,4,0,Reach RS3,8243531e90cdfec1,
B3_C_PICENG_adult2,P,Point,,,,,-113.94404651,46.75438923,1176.679,Global,78.5,0.037,0.036,0.074,0.052,2.134,m,FIX,RTK,2025-09-29 07:40:43.0 UTC-07:00,2025-09-29 07:40:47.0 UTC-07:00,21,1.9,2.2,,,,-114.01634699,46.67371430,1095.541,10538.847,MP15774,Global CS,8,6,8,4,0,Reach RS3,8243531e90cdfec1,
B3_C_PSEMEN_adult7,P,Point,,,,,-113.94406151,46.75436890,1176.391,Global,11.2,0.014,0.015,0.018,0.021,2.134,m,FIX,RTK,2025-09-29 07:41:08.8 UTC-07:00,2025-09-29 07:41:12.8 UTC-07:00,21,1.7,2.1,,,,-114.01634699,46.67371430,1095.541,10534.747,MP15774,Global CS,8,6,8,4,0,Reach RS3,8243531e90cdfec1,
B3_C_PSEMEN_S1_seedling,P,Point,,,,,-113.94415010,46.75430134,1176.426,Global,3.3,0.014,0.014,0.021,0.019,2.134,m,FIX,RTK,2025-09-29 07:42:00.6 UTC-07:00,2025-09-29 07:42:04.6 UTC-07:00,21,1.6,1.9,,,,-114.01634699,46.67371430,1095.541,10524.933,MP15774,Global CS,8,6,8,4,0,Reach RS3,8243531e90cdfec1,
B3_C_PICENG_S1_seedling,P,Point,,,,,-113.94416743,46.75429732,1176.519,Global,7.5,0.014,0.014,0.015,0.019,2.134,m,FIX,RTK,2025-09-29 07:42:19.8 UTC-07:00,2025-09-29 07:42:23.8 UTC-07:00,21,1.5,1.8,,,,-114.01634699,46.67371430,1095.541,10524.006,MP15774,Global CS,7,6,8,4,0,Reach RS3,8243531e90cdfec1,
B3_C_PICENG_T1_seedling,P,Point,,,,,-113.94416144,46.75428792,1176.515,Global,3.6,0.013,0.013,0.024,0.019,2.134,m,FIX,RTK,2025-09-29 07:42:41.0 UTC-07:00,2025-09-29 07:42:45.0 UTC-07:00,21,1.4,1.7,,,,-114.01634699,46.67371430,1095.541,10523.288,MP15774,Global CS,8,6,8,4,0,Reach RS3,8243531e90cdfec1,
B3_C_PSEMEN_T1_seedling,P,Point,,,,,-113.94416540,46.75428771,1176.502,Global,6.4,0.013,0.013,0.027,0.019,2.134,m,FIX,RTK,2025-09-29 07:42:56.8 UTC-07:00,2025-09-29 07:43:00.8 UTC-07:00,21,1.5,1.8,,,,-114.01634699,46.67371430,1095.541,10523.201,MP15774,Global CS,8,6,8,4,0,Reach RS3,8243531e90cdfec1,
B3_C_PINCON_R1_seedlings,P,Point,,,,,-113.94416965,46.75428022,1176.470,Global,6.6,0.013,0.013,0.015,0.019,2.134,m,FIX,RTK,2025-09-29 07:43:32.0 UTC-07:00,2025-09-29 07:43:36.0 UTC-07:00,21,2.3,2.9,,,,-114.01634699,46.67371430,1095.541,10522.281,MP15774,Global CS,8,6,8,4,0,Reach RS3,8243531e90cdfec1,
B3_C_PINCON_R2_seedlings1,P,Point,,,,,-113.94415624,46.75425202,1176.514,Global,5.0,0.013,0.014,0.018,0.019,2.134,m,FIX,RTK,2025-09-29 07:45:44.0 UTC-07:00,2025-09-29 07:45:48.0 UTC-07:00,21,1.4,1.6,,,,-114.01634699,46.67371430,1095.541,10519.883,MP15774,Global CS,8,6,8,4,0,Reach RS3,8243531e90cdfec1,
B3_C_PSEMEN_S2_seedling,P,Point,,,,,-113.94414814,46.75421838,1176.651,Global,17.3,0.016,0.016,0.058,0.023,2.134,m,FIX,RTK,2025-09-29 07:46:16.8 UTC-07:00,2025-09-29 07:46:20.8 UTC-07:00,21,1.4,1.7,,,,-114.01634699,46.67371430,1095.541,10516.629,MP15774,Global CS,8,6,8,4,0,Reach RS3,8243531e90cdfec1,
B3_C_PSEMEN_T2_seedling,P,Point,,,,,-113.94413981,46.75422364,1176.727,Global,37.8,0.020,0.020,0.026,0.028,2.134,m,FIX,RTK,2025-09-29 07:46:29.2 UTC-07:00,2025-09-29 07:46:33.2 UTC-07:00,21,1.3,1.5,,,,-114.01634699,46.67371430,1095.541,10516.789,MP15774,Global CS,8,6,8,4,0,Reach RS3,8243531e90cdfec1,
B3_C_PSEMEN_S3_seedling,P,Point,,,,,-113.94421777,46.75425832,1176.767,Global,53.9,0.023,0.024,0.038,0.033,2.134,m,FIX,RTK,2025-09-29 07:47:03.2 UTC-07:00,2025-09-29 07:47:07.2 UTC-07:00,21,1.7,2.1,,,,-114.01634699,46.67371430,1095.541,10516.480,MP15774,Global CS,8,6,8,4,0,Reach RS3,8243531e90cdfec1,
B3_C_PSEMEN_T3_seedling,P,Point,,,,,-113.94421420,46.75425128,1176.685,Global,4.7,0.013,0.013,0.013,0.019,2.134,m,FIX,RTK,2025-09-29 07:47:47.6 UTC-07:00,2025-09-29 07:47:51.6 UTC-07:00,21,1.3,1.6,,,,-114.01634699,46.67371430,1095.541,10517.724,MP15774,Global CS,8,6,8,4,0,Reach RS3,8243531e90cdfec1,
B2_C_PINPON_R2_seedlings,P,Point,,,,,-113.94393934,46.75471999,1176.127,Global,10.0,0.014,0.014,0.022,0.020,2.134,m,FIX,RTK,2025-09-29 07:51:46.8 UTC-07:00,2025-09-29 07:51:50.8 UTC-07:00,21,1.6,1.9,,,,-114.01634699,46.67371430,1095.541,10573.052,MP15774,Global CS,7,6,8,4,0,Reach RS3,8243531e90cdfec1,
B2_C_PSEMEN_adult,P,Point,,,,,-113.94394755,46.75470521,1176.457,Global,7.7,0.015,0.016,0.042,0.022,2.134,m,FIX,RTK,2025-09-29 07:52:23.8 UTC-07:00,2025-09-29 07:52:27.8 UTC-07:00,21,2.0,2.4,,,,-114.01634699,46.67371430,1095.541,10571.251,MP15774,Global CS,8,6,8,4,0,Reach RS3,8243531e90cdfec1,
B2_C_PSEMEN_adult1,P,Point,,,,,-113.94395392,46.75468118,1176.614,Global,46.3,0.022,0.023,0.078,0.032,2.134,m,FIX,RTK,2025-09-29 07:52:42.4 UTC-07:00,2025-09-29 07:52:46.4 UTC-07:00,21,2.2,2.7,,,,-114.01634699,46.67371430,1095.541,10569.336,MP15774,Global CS,8,6,8,4,0,Reach RS3,8243531e90cdfec1,
B2_C_PSEMEN_adult2,P,Point,,,,,-113.94394275,46.75467706,1176.420,Global,4.0,0.013,0.020,0.064,0.024,2.134,m,FIX,RTK,2025-09-29 07:52:54.0 UTC-07:00,2025-09-29 07:52:58.0 UTC-07:00,21,1.7,2.0,,,,-114.01634699,46.67371430,1095.541,10568.922,MP15774,Global CS,7,6,8,4,0,Reach RS3,8243531e90cdfec1,
B2_C_PINCON_adult,P,Point,,,,weird,-113.94382234,46.75473732,1175.963,Global,22.6,0.019,0.018,0.024,0.026,2.134,m,FIX,RTK,2025-09-29 07:54:02.2 UTC-07:00,2025-09-29 07:54:06.2 UTC-07:00,21,1.2,1.5,,,,-114.01634699,46.67371430,1095.541,10579.412,MP15774,Global CS,8,6,7,4,0,Reach RS3,8243531e90cdfec1,
B2_C_PSEMEN_adult3,P,Point,,,,,-113.94378195,46.75478150,1176.133,Global,17.0,0.016,0.016,0.030,0.023,2.134,m,FIX,RTK,2025-09-29 07:55:17.2 UTC-07:00,2025-09-29 07:55:21.2 UTC-07:00,21,1.8,2.1,,,,-114.01634699,46.67371430,1095.541,10584.494,MP15774,Global CS,8,6,8,4,0,Reach RS3,8243531e90cdfec1,
B2_C_PSEMEN_adult4,P,Point,,,,,-113.94377246,46.75481345,1175.799,Global,41.7,0.051,0.035,0.136,0.062,2.134,m,FIX,RTK,2025-09-29 07:55:43.6 UTC-07:00,2025-09-29 07:55:47.6 UTC-07:00,21,1.7,2.1,,,,-114.01634699,46.67371430,1095.541,10588.488,MP15774,Global CS,8,6,8,4,0,Reach RS3,8243531e90cdfec1,
B2_C_PINPON_R1_seedlings,P,Point,,,,,-113.94380659,46.75481735,1175.851,Global,7.0,0.014,0.014,0.017,0.019,2.134,m,FIX,RTK,2025-09-29 07:56:28.4 UTC-07:00,2025-09-29 07:56:32.4 UTC-07:00,21,1.8,2.2,,,,-114.01634699,46.67371430,1095.541,10587.623,MP15774,Global CS,8,6,8,4,0,Reach RS3,8243531e90cdfec1,
B2_C_LAROCC_adult,P,Point,,,,,-113.94381444,46.75489762,1175.867,Global,13.3,0.015,0.015,0.016,0.021,2.134,m,FIX,RTK,2025-09-29 07:57:51.6 UTC-07:00,2025-09-29 07:57:55.6 UTC-07:00,21,1.4,1.6,,,,-114.01634699,46.67371430,1095.541,10595.122,MP15774,Global CS,8,6,7,4,0,Reach RS3,8243531e90cdfec1,
B2_C_PSEMEN_adult6,P,Point,,,,,-113.94373244,46.75494025,1175.952,Global,20.5,0.033,0.018,0.041,0.037,2.134,m,FIX,RTK,2025-09-29 07:59:25.2 UTC-07:00,2025-09-29 07:59:29.2 UTC-07:00,21,1.4,1.7,,,,-114.01634699,46.67371430,1095.541,10602.823,MP15774,Global CS,8,6,7,4,0,Reach RS3,8243531e90cdfec1,
B2_C_PINPON_adult,P,Point,,,,,-113.94370113,46.75497409,1175.990,Global,16.0,0.016,0.017,0.038,0.024,2.134,m,FIX,RTK,2025-09-29 07:59:58.2 UTC-07:00,2025-09-29 08:00:02.2 UTC-07:00,21,1.8,2.2,,,,-114.01634699,46.67371430,1095.541,10606.002,MP15774,Global CS,8,6,7,4,0,Reach RS3,8243531e90cdfec1,
B2_C_PSEMEN_adult7,P,Point,,,,,-113.94364526,46.75498049,1175.922,Global,10.2,0.015,0.015,0.033,0.021,2.134,m,FIX,RTK,2025-09-29 08:00:57.0 UTC-07:00,2025-09-29 08:01:01.0 UTC-07:00,21,2.1,2.5,,,,-114.01634699,46.67371430,1095.541,10609.310,MP15774,Global CS,8,6,7,4,0,Reach RS3,8243531e90cdfec1,
B2_G_PSEMEN_adult,P,Point,,,,,-113.94358125,46.75502748,1175.932,Global,12.2,0.016,0.017,0.030,0.023,2.134,m,FIX,RTK,2025-09-29 08:01:27.4 UTC-07:00,2025-09-29 08:01:31.4 UTC-07:00,21,3.1,4.0,,,,-114.01634699,46.67371430,1095.541,10616.677,MP15774,Global CS,7,6,6,4,0,Reach RS3,8243531e90cdfec1,
B2_G_PICENG_adult,P,Point,,,,,-113.94353402,46.75503814,1175.917,Global,15.2,0.015,0.016,0.025,0.022,2.134,m,FIX,RTK,2025-09-29 08:01:42.2 UTC-07:00,2025-09-29 08:01:46.2 UTC-07:00,21,1.9,2.3,,,,-114.01634699,46.67371430,1095.541,10618.956,MP15774,Global CS,7,6,6,4,0,Reach RS3,8243531e90cdfec1,
B2_G_PICENG_adult1,P,Point,,,,,-113.94348512,46.75509809,1175.787,Global,12.6,0.016,0.015,0.038,0.022,2.134,m,FIX,RTK,2025-09-29 08:02:03.6 UTC-07:00,2025-09-29 08:02:07.6 UTC-07:00,21,1.9,2.3,,,,-114.01634699,46.67371430,1095.541,10626.555,MP15774,Global CS,8,6,7,4,0,Reach RS3,8243531e90cdfec1,
B2_G_PSEMEN_adult1,P,Point,,,,,-113.94354736,46.75513735,1175.643,Global,38.6,0.020,0.021,0.042,0.029,2.134,m,FIX,RTK,2025-09-29 08:02:28.0 UTC-07:00,2025-09-29 08:02:32.0 UTC-07:00,21,1.9,2.3,,,,-114.01634699,46.67371430,1095.541,10627.180,MP15774,Global CS,8,6,6,4,0,Reach RS3,8243531e90cdfec1,
B2_G_PSEMEN_adult2,P,Point,,,,,-113.94359063,46.75512799,1175.554,Global,45.9,0.022,0.021,0.043,0.030,2.134,m,FIX,RTK,2025-09-29 08:03:09.0 UTC-07:00,2025-09-29 08:03:13.0 UTC-07:00,21,2.3,2.8,,,,-114.01634699,46.67371430,1095.541,10626.084,MP15774,Global CS,8,6,7,4,0,Reach RS3,8243531e90cdfec1,
B2_G_PSEMEN_adult3,P,Point,,,,,-113.94365335,46.75518299,1175.799,Global,57.6,0.045,0.047,0.097,0.065,2.134,m,FIX,RTK,2025-09-29 08:03:24.0 UTC-07:00,2025-09-29 08:03:28.0 UTC-07:00,21,3.2,4.1,,,,-114.01634699,46.67371430,1095.541,10626.686,MP15774,Global CS,6,6,6,4,0,Reach RS3,8243531e90cdfec1,
B2_G_PSEMEN_adult4,P,Point,,,,,-113.94363781,46.75509111,1175.685,Global,30.9,0.022,0.022,0.038,0.031,2.134,m,FIX,RTK,2025-09-29 08:03:46.0 UTC-07:00,2025-09-29 08:03:50.0 UTC-07:00,21,2.1,2.7,,,,-114.01634699,46.67371430,1095.541,10619.511,MP15774,Global CS,7,6,6,4,0,Reach RS3,8243531e90cdfec1,
B2_G_PINPON_R2_seedlings,P,Point,,,,,-113.94360099,46.75514560,1175.537,Global,2.0,0.013,0.014,0.028,0.019,2.134,m,FIX,RTK,2025-09-29 08:04:34.8 UTC-07:00,2025-09-29 08:04:38.8 UTC-07:00,21,2.2,2.7,,,,-114.01634699,46.67371430,1095.541,10626.833,MP15774,Global CS,7,6,6,4,0,Reach RS3,8243531e90cdfec1,
B2_G_PINPON_R1_seedlings1,P,Point,,,,,-113.94362739,46.75517556,1175.730,Global,4.5,0.017,0.018,0.043,0.025,2.134,m,FIX,RTK,2025-09-29 08:04:55.2 UTC-07:00,2025-09-29 08:04:59.2 UTC-07:00,21,1.8,2.2,,,,-114.01634699,46.67371430,1095.541,10628.694,MP15774,Global CS,7,6,6,4,0,Reach RS3,8243531e90cdfec1,
B2_G_PSEMEN_S1_seedling,P,Point,,,,,-113.94353513,46.75518676,1175.445,Global,3.3,0.016,0.021,0.034,0.026,2.134,m,FIX,RTK,2025-09-29 08:05:58.0 UTC-07:00,2025-09-29 08:06:02.0 UTC-07:00,21,2.3,2.8,,,,-114.01634699,46.67371430,1095.541,10633.320,MP15774,Global CS,7,6,6,4,0,Reach RS3,8243531e90cdfec1,
B2_G_PSEMEN_T1_seedling,P,Point,,,,,-113.94353233,46.75519572,1175.313,Global,4.7,0.015,0.015,0.016,0.021,2.134,m,FIX,RTK,2025-09-29 08:06:47.0 UTC-07:00,2025-09-29 08:06:51.0 UTC-07:00,21,2.2,2.7,,,,-114.01634699,46.67371430,1095.541,10634.339,MP15774,Global CS,7,6,6,4,0,Reach RS3,8243531e90cdfec1,
B1_G_PSEMEN_T1_seedling1,P,Point,,,,,-113.94350950,46.75523167,1175.207,Global,3.8,0.013,0.013,0.016,0.019,2.134,m,FIX,RTK,2025-09-29 08:07:24.0 UTC-07:00,2025-09-29 08:07:28.0 UTC-07:00,21,1.8,2.2,,,,-114.01634699,46.67371430,1095.541,10638.654,MP15774,Global CS,7,6,6,4,0,Reach RS3,8243531e90cdfec1,
B1_G_PSEMEN_S1_seedling,P,Point,,,,,-113.94352878,46.75523381,1175.278,Global,15.4,0.015,0.015,0.022,0.022,2.134,m,FIX,RTK,2025-09-29 08:07:42.4 UTC-07:00,2025-09-29 08:07:46.4 UTC-07:00,21,1.8,2.2,,,,-114.01634699,46.67371430,1095.541,10638.130,MP15774,Global CS,7,6,6,4,0,Reach RS3,8243531e90cdfec1,
B1_G_PINCON_adult,P,Point,,,,,-113.94346393,46.75521265,1175.530,Global,26.1,0.017,0.017,0.024,0.024,2.134,m,FIX,RTK,2025-09-29 08:08:21.6 UTC-07:00,2025-09-29 08:08:25.6 UTC-07:00,21,1.9,2.2,,,,-114.01634699,46.67371430,1095.541,10638.277,MP15774,Global CS,7,6,6,2,0,Reach RS3,8243531e90cdfec1,
B1_G_PICENG_adult,P,Point,,,,,-113.94345608,46.75523792,1175.406,Global,12.1,0.027,0.017,0.044,0.032,2.134,m,FIX,RTK,2025-09-29 08:09:08.6 UTC-07:00,2025-09-29 08:09:12.6 UTC-07:00,21,1.9,2.3,,,,-114.01634699,46.67371430,1095.541,10641.789,MP15774,Global CS,7,6,6,2,0,Reach RS3,8243531e90cdfec1,
B1_G_PICENG_adult1,P,Point,,,,,-113.94346807,46.75527882,1175.341,Global,44.9,0.022,0.022,0.054,0.031,2.134,m,FIX,RTK,2025-09-29 08:09:32.4 UTC-07:00,2025-09-29 08:09:36.4 UTC-07:00,21,2.2,2.7,,,,-114.01634699,46.67371430,1095.541,10643.705,MP15774,Global CS,7,6,6,2,0,Reach RS3,8243531e90cdfec1,
B1_G_PSEMEN_adult,P,Point,,,,,-113.94357559,46.75529970,1175.440,Global,14.1,0.020,0.017,0.032,0.026,2.134,m,FIX,RTK,2025-09-29 08:10:13.6 UTC-07:00,2025-09-29 08:10:17.6 UTC-07:00,20,2.1,2.6,,,,-114.01634699,46.67371430,1095.541,10642.003,MP15774,Global CS,7,6,6,2,0,Reach RS3,8243531e90cdfec1,
B1_G_PINPON_R1_seedlings,P,Point,,,,,-113.94358249,46.75528924,1175.268,Global,10.9,0.022,0.028,0.024,0.036,2.134,m,FIX,RTK,2025-09-29 08:12:43.6 UTC-07:00,2025-09-29 08:12:47.6 UTC-07:00,21,2.2,2.8,,,,-114.01634699,46.67371430,1095.541,10641.259,MP15774,Global CS,7,6,6,2,0,Reach RS3,8243531e90cdfec1,
B1_G_PINPON_R2_seedlings,P,Point,,,,,-113.94348753,46.75529855,1175.326,Global,4.4,0.015,0.013,0.032,0.020,2.134,m,FIX,RTK,2025-09-29 08:13:11.6 UTC-07:00,2025-09-29 08:13:15.6 UTC-07:00,21,1.9,2.4,,,,-114.01634699,46.67371430,1095.541,10645.904,MP15774,Global CS,7,6,6,2,0,Reach RS3,8243531e90cdfec1,
B1_G_PSEMEN_S2_seedling,P,Point,,,,,-113.94345569,46.75535845,1175.414,Global,42.0,0.021,0.023,0.046,0.031,2.134,m,FIX,RTK,2025-09-29 08:19:13.0 UTC-07:00,2025-09-29 08:19:17.0 UTC-07:00,21,2.2,2.8,,,,-114.01634699,46.67371430,1095.541,10654.119,MP15774,Global CS,8,5,6,2,0,Reach RS3,8243531e90cdfec1,
B1_G_PICENG_S2_seedling,P,Point,,,,,-113.94348421,46.75536418,1175.439,Global,9.7,0.014,0.016,0.034,0.021,2.134,m,FIX,RTK,2025-09-29 08:19:31.8 UTC-07:00,2025-09-29 08:19:35.8 UTC-07:00,21,2.0,2.5,,,,-114.01634699,46.67371430,1095.541,10652.557,MP15774,Global CS,8,4,6,2,0,Reach RS3,8243531e90cdfec1,
B1_G_PSEMEN_adult1,P,Point,,,,,-113.94368272,46.75537488,1176.396,Global,29.5,0.566,0.350,0.140,0.665,2.134,m,FIX,RTK,2025-09-29 08:22:18.4 UTC-07:00,2025-09-29 08:22:22.4 UTC-07:00,21,2.6,3.4,,,,-114.01634699,46.67371430,1095.541,10645.405,MP15774,Global CS,7,5,6,2,0,Reach RS3,8243531e90cdfec1,
B1_G_PICENG_T2_seedling,P,Point,,,,,-113.94349247,46.75532759,1175.419,Global,22.9,0.017,0.017,0.032,0.024,2.134,m,FIX,RTK,2025-09-29 08:23:23.6 UTC-07:00,2025-09-29 08:23:27.6 UTC-07:00,21,1.9,2.4,,,,-114.01634699,46.67371430,1095.541,10649.068,MP15774,Global CS,7,5,6,2,0,Reach RS3,8243531e90cdfec1,
B1_G_PSEMEN_T2_seedling,P,Point,,,,,-113.94349469,46.75531627,1175.334,Global,12.5,0.015,0.015,0.026,0.021,2.134,m,FIX,RTK,2025-09-29 08:23:44.2 UTC-07:00,2025-09-29 08:23:48.2 UTC-07:00,21,2.1,2.6,,,,-114.01634699,46.67371430,1095.541,10647.597,MP15774,Global CS,8,5,6,2,0,Reach RS3,8243531e90cdfec1,
B1_G_PICENG_adult2,P,Point,,,,,-113.94345073,46.75533347,1175.350,Global,33.7,0.020,0.019,0.035,0.028,2.134,m,FIX,RTK,2025-09-29 08:23:57.8 UTC-07:00,2025-09-29 08:24:01.8 UTC-07:00,21,2.2,2.8,,,,-114.01634699,46.67371430,1095.541,10649.893,MP15774,Global CS,7,5,6,2,0,Reach RS3,8243531e90cdfec1,
B1_C_PSEMEN_adult,P,Point,,,,,-113.94348009,46.75549867,1175.999,Global,50.8,0.021,0.021,0.039,0.030,2.134,m,FIX,RTK,2025-09-29 08:27:15.2 UTC-07:00,2025-09-29 08:27:19.2 UTC-07:00,21,2.0,2.5,,,,-114.01634699,46.67371430,1095.541,10666.730,MP15774,Global CS,8,6,7,3,0,Reach RS3,8243531e90cdfec1,
B1_C_PSEMEN_adult1,P,Point,,,,,-113.94343763,46.75558742,1176.215,Global,41.3,0.038,0.036,0.052,0.052,2.134,m,FIX,RTK,2025-09-29 08:27:34.6 UTC-07:00,2025-09-29 08:27:38.6 UTC-07:00,21,2.3,2.9,,,,-114.01634699,46.67371430,1095.541,10675.121,MP15774,Global CS,7,6,7,3,0,Reach RS3,8243531e90cdfec1,
B1_C_PSEMEN_adult2,P,Point,,,,,-113.94333436,46.75552174,1175.865,Global,65.0,0.055,0.099,0.119,0.113,2.134,m,FIX,RTK,2025-09-29 08:28:29.0 UTC-07:00,2025-09-29 08:28:33.0 UTC-07:00,21,2.4,2.9,,,,-114.01634699,46.67371430,1095.541,10673.685,MP15774,Global CS,8,5,7,3,0,Reach RS3,8243531e90cdfec1,
B1_C_PINPON_R2_seedlings,P,Point,,,,,-113.94336201,46.75553101,1175.669,Global,2.7,0.013,0.015,0.031,0.020,2.134,m,FIX,RTK,2025-09-29 08:29:06.4 UTC-07:00,2025-09-29 08:29:10.4 UTC-07:00,21,1.9,2.3,,,,-114.01634699,46.67371430,1095.541,10672.921,MP15774,Global CS,8,6,7,4,0,Reach RS3,8243531e90cdfec1,
B1_C_PINPON_R1_seedlings,P,Point,,,,,-113.94341333,46.75558218,1175.845,Global,5.2,0.018,0.016,0.022,0.024,2.134,m,FIX,RTK,2025-09-29 08:31:26.6 UTC-07:00,2025-09-29 08:31:30.6 UTC-07:00,21,2.0,2.5,,,,-114.01634699,46.67371430,1095.541,10675.796,MP15774,Global CS,8,7,8,3,0,Reach RS3,8243531e90cdfec1,
B1_C_LAROCC_adult,P,Point,,,,,-113.94335446,46.75562758,1176.331,Global,8.1,0.015,0.015,0.026,0.021,2.134,m,FIX,RTK,2025-09-29 08:31:59.6 UTC-07:00,2025-09-29 08:32:03.6 UTC-07:00,21,2.0,2.5,,,,-114.01634699,46.67371430,1095.541,10682.189,MP15774,Global CS,8,7,8,3,0,Reach RS3,8243531e90cdfec1,
B1_C_PSEMEN_T1_seedling,P,Point,,,,,-113.94327573,46.75555006,1176.023,Global,4.4,0.013,0.014,0.021,0.019,2.134,m,FIX,RTK,2025-09-29 08:33:01.2 UTC-07:00,2025-09-29 08:33:05.2 UTC-07:00,21,1.5,1.8,,,,-114.01634699,46.67371430,1095.541,10678.267,MP15774,Global CS,8,7,7,3,0,Reach RS3,8243531e90cdfec1,
B1_C_PSEMEN_T2_seedling1,P,Point,,,,,-113.94327660,46.75555373,1176.042,Global,14.9,0.019,0.026,0.024,0.032,2.134,m,FIX,RTK,2025-09-29 08:33:11.4 UTC-07:00,2025-09-29 08:33:15.4 UTC-07:00,21,1.8,2.2,,,,-114.01634699,46.67371430,1095.541,10678.721,MP15774,Global CS,8,7,8,3,0,Reach RS3,8243531e90cdfec1,
B1_C_PSEMEN_S1_seedling,P,Point,,,,,-113.94325668,46.75554984,1176.028,Global,4.0,0.013,0.015,0.012,0.020,2.134,m,FIX,RTK,2025-09-29 08:33:37.6 UTC-07:00,2025-09-29 08:33:41.6 UTC-07:00,21,1.4,1.7,,,,-114.01634699,46.67371430,1095.541,10678.976,MP15774,Global CS,8,7,8,3,0,Reach RS3,8243531e90cdfec1,
B1_C_PSEMEN_S2_seedling,P,Point,,,,,-113.94326073,46.75554687,1176.023,Global,7.3,0.014,0.014,0.014,0.020,2.134,m,FIX,RTK,2025-09-29 08:33:48.4 UTC-07:00,2025-09-29 08:33:52.4 UTC-07:00,21,1.3,1.6,,,,-114.01634699,46.67371430,1095.541,10678.715,MP15774,Global CS,8,7,7,3,0,Reach RS3,8243531e90cdfec1,
B1_C_PSEMEN_S3_seedling,P,Point,,,,,-113.94316794,46.75550005,1175.792,Global,50.9,0.024,0.023,0.044,0.033,2.134,m,FIX,RTK,2025-09-29 08:34:33.2 UTC-07:00,2025-09-29 08:34:37.2 UTC-07:00,21,2.3,2.9,,,,-114.01634699,46.67371430,1095.541,10679.300,MP15774,Global CS,8,7,8,3,0,Reach RS3,8243531e90cdfec1,
B1_C_PSEMEN_T3_seedling1,P,Point,,,,,-113.94317606,46.75548399,1175.783,Global,20.6,0.017,0.017,0.029,0.024,2.134,m,FIX,RTK,2025-09-29 08:34:45.4 UTC-07:00,2025-09-29 08:34:49.4 UTC-07:00,21,2.1,2.6,,,,-114.01634699,46.67371430,1095.541,10676.640,MP15774,Global CS,8,7,8,3,0,Reach RS3,8243531e90cdfec1,
B1_C_PICENG_adult,P,Point,,,,,-113.94321907,46.75548317,1175.799,Global,16.0,0.016,0.016,0.023,0.023,2.134,m,FIX,RTK,2025-09-29 08:35:15.0 UTC-07:00,2025-09-29 08:35:19.0 UTC-07:00,19,1.6,2.0,,,,-114.01634699,46.67371430,1095.541,10674.633,MP15774,Global CS,8,7,8,3,0,Reach RS3,8243531e90cdfec1,
B1_C_PSEMEN_adult3,P,Point,,,,,-113.94324689,46.75548119,1175.600,Global,58.4,0.023,0.023,0.039,0.032,2.134,m,FIX,RTK,2025-09-29 08:35:47.8 UTC-07:00,2025-09-29 08:35:51.8 UTC-07:00,21,1.7,2.0,,,,-114.01634699,46.67371430,1095.541,10674.584,MP15774,Global CS,8,7,8,3,0,Reach RS3,8243531e90cdfec1,
B1_C_PSEMEN_adult4,P,Point,,,,,-113.94329938,46.75571719,1177.781,Global,7.3,0.014,0.014,0.014,0.020,2.134,m,FIX,RTK,2025-09-29 08:36:45.0 UTC-07:00,2025-09-29 08:36:49.0 UTC-07:00,21,1.2,1.4,,,,-114.01634699,46.67371430,1095.541,10692.806,MP15774,Global CS,8,7,8,3,0,Reach RS3,8243531e90cdfec1,
B5_C_PSEMEN_S1_seedling,P,Point,,,,,-113.94422866,46.75245979,1179.787,Global,10.9,0.015,0.015,0.021,0.021,2.134,m,FIX,RTK,2025-09-29 09:04:21.8 UTC-07:00,2025-09-29 09:04:25.8 UTC-07:00,21,1.2,1.4,,,,-114.01634699,46.67371430,1095.541,10347.810,MP15774,Global CS,7,7,7,4,0,Reach RS3,8243531E90CDFEC1,
B5_C_PICENG_S2_seedling,P,Point,,,,,-113.94423958,46.75245168,1180.082,Global,14.4,0.017,0.019,0.021,0.026,2.134,m,FIX,RTK,2025-09-29 09:04:46.4 UTC-07:00,2025-09-29 09:04:50.4 UTC-07:00,21,1.3,1.5,,,,-114.01634699,46.67371430,1095.541,10346.310,MP15774,Global CS,8,7,8,4,0,Reach RS3,8243531E90CDFEC1,
B5_C_PSEMEN_T1_seedling,P,Point,,,,,-113.94422493,46.75244465,1180.103,Global,7.8,0.014,0.014,0.015,0.019,2.134,m,FIX,RTK,2025-09-29 09:05:04.8 UTC-07:00,2025-09-29 09:05:08.8 UTC-07:00,21,1.5,1.8,,,,-114.01634699,46.67371430,1095.541,10346.969,MP15774,Global CS,7,7,8,4,0,Reach RS3,8243531E90CDFEC1,
B5_C_PSEMEN_S2_seedling,P,Point,,,,,-113.94424122,46.75243989,1180.030,Global,24.1,0.017,0.018,0.021,0.025,2.134,m,FIX,RTK,2025-09-29 09:10:47.6 UTC-07:00,2025-09-29 09:10:51.6 UTC-07:00,21,1.3,1.6,,,,-114.01634699,46.67371430,1095.541,10345.995,MP15774,Global CS,7,6,8,4,0,Reach RS3,8243531e90cdfec1,
B5_C_PICENG_T2_seedling,P,Point,,,,,-113.94418731,46.75244955,1179.608,Global,6.7,0.014,0.013,0.017,0.019,2.134,m,FIX,RTK,2025-09-29 09:11:18.8 UTC-07:00,2025-09-29 09:11:22.8 UTC-07:00,21,1.4,1.6,,,,-114.01634699,46.67371430,1095.541,10348.618,MP15774,Global CS,7,7,8,4,0,Reach RS3,8243531e90cdfec1,
B5_C_PSEMEN_T2_seedling,P,Point,,,,,-113.94418230,46.75245239,1179.581,Global,16.6,0.017,0.016,0.018,0.023,2.134,m,FIX,RTK,2025-09-29 09:12:01.6 UTC-07:00,2025-09-29 09:12:05.6 UTC-07:00,21,1.1,1.3,,,,-114.01634699,46.67371430,1095.541,10349.261,MP15774,Global CS,7,7,8,5,0,Reach RS3,8243531e90cdfec1,
B5_C_PSEMEN_adult,P,Point,,,,,-113.94424121,46.75260879,1180.282,Global,2.1,0.013,0.013,0.012,0.018,2.134,m,FIX,RTK,2025-09-29 09:20:28.6 UTC-07:00,2025-09-29 09:20:32.6 UTC-07:00,21,1.3,1.6,,,,-113.94449271,46.75250736,1183.794,22.376,,Global CS,6,6,6,5,0,Reach RS3,8243531e90cdfec1,
B5_C_PICENG_adult,P,Point,,,,,-113.94420744,46.75264633,1180.389,Global,17.7,0.016,0.016,0.019,0.022,2.134,m,FIX,RTK,2025-09-29 09:20:46.8 UTC-07:00,2025-09-29 09:20:50.8 UTC-07:00,21,1.1,1.3,,,,-113.94449271,46.75250736,1183.794,26.570,,Global CS,6,5,7,4,0,Reach RS3,8243531e90cdfec1,
B5_C_PICENG_adult1,P,Point,,,,,-113.94414372,46.75261725,1180.023,Global,39.9,0.020,0.020,0.033,0.028,2.134,m,FIX,RTK,2025-09-29 09:21:22.6 UTC-07:00,2025-09-29 09:21:26.6 UTC-07:00,21,1.5,1.8,,,,-113.94449271,46.75250736,1183.794,28.520,,Global CS,7,5,7,5,0,Reach RS3,8243531e90cdfec1,
B5_C_PICENG_adult2,P,Point,,,,,-113.94415804,46.75258033,1179.956,Global,1.4,0.013,0.014,0.020,0.019,2.134,m,FIX,RTK,2025-09-29 09:27:32.0 UTC-07:00,2025-09-29 09:27:36.0 UTC-07:00,21,2.0,2.5,,,,-113.94449271,46.75250736,1183.794,26.871,,Global CS,5,6,7,5,0,Reach RS3,8243531e90cdfec1,
B5_C_PSEMEN_adult1,P,Point,,,,,-113.94412226,46.75258688,1179.801,Global,0.9,0.013,0.012,0.015,0.018,2.134,m,FIX,RTK,2025-09-29 09:27:56.0 UTC-07:00,2025-09-29 09:28:00.0 UTC-07:00,21,1.6,1.9,,,,-113.94449271,46.75250736,1183.794,29.716,,Global CS,6,5,7,5,0,Reach RS3,8243531e90cdfec1,
B5_G_PSEMEN_adult,P,Point,,,,,-113.94408867,46.75211108,1180.060,Global,5.9,0.013,0.014,0.017,0.019,2.134,m,FIX,RTK,2025-09-29 09:37:33.4 UTC-07:00,2025-09-29 09:37:37.4 UTC-07:00,21,1.3,1.5,,,,-114.01634699,46.67371430,1095.541,10321.057,MP15774,Global CS,7,6,7,6,0,Reach RS3,8243531e90cdfec1,
B5_G_PSEMEN_S3_seedling,P,Point,,,,,-113.94409502,46.75207113,1179.990,Global,3.6,0.016,0.014,0.016,0.021,2.134,m,FIX,RTK,2025-09-29 09:38:44.0 UTC-07:00,2025-09-29 09:38:48.0 UTC-07:00,21,1.3,1.6,,,,-114.01634699,46.67371430,1095.541,10316.838,MP15774,Global CS,7,6,7,6,0,Reach RS3,8243531e90cdfec1,
B5_G_PSEMEN_T3_seedling,P,Point,,,,,-113.94408320,46.75207596,1179.957,Global,9.2,0.016,0.014,0.021,0.021,2.134,m,FIX,RTK,2025-09-29 09:39:01.6 UTC-07:00,2025-09-29 09:39:05.6 UTC-07:00,21,1.6,1.9,,,,-114.01634699,46.67371430,1095.541,10317.708,MP15774,Global CS,5,7,7,6,0,Reach RS3,8243531e90cdfec1,
B5_G_PINPON_R1_seedlings,P,Point,,,,,-113.94404135,46.75205335,1179.832,Global,4.8,0.014,0.014,0.024,0.020,2.134,m,FIX,RTK,2025-09-29 09:39:23.4 UTC-07:00,2025-09-29 09:39:27.4 UTC-07:00,21,1.5,1.8,,,,-114.01634699,46.67371430,1095.541,10317.382,MP15774,Global CS,6,7,7,6,0,Reach RS3,8243531e90cdfec1,
